﻿		<genxml>
			<files />
			<hidden>
				<index>99</index>
        <plugintemplate>
          <![CDATA[/DesktopModules/NBright/NBrightBuyCartReview/Themes/config/default/pluginsdetail.html]]>
        </plugintemplate>
      </hidden>
			<textbox>
				<ctrl>
					<![CDATA[cartreview]]>
				</ctrl>
				<name>
					<![CDATA[CartReview]]>
				</name>
				<icon>
					<![CDATA[]]>
				</icon>
				<group>
					<![CDATA[Sales]]>
				</group>
				<path>
					<![CDATA[/DesktopModules/NBright/NBrightBuyCartReview/Orders.ascx]]>
				</path>
				<help>
					<![CDATA[]]>
				</help>
				<roles>
					<![CDATA[Manager,Administrators]]>
				</roles>
				<description>
					<![CDATA[]]>
				</description>
				<assembly>
					<![CDATA[NBrightBuyCartReview]]>
				</assembly>
				<namespaceclass>
					<![CDATA[Nevoweb.DNN.NBrightBuyCartReview.Components.Scheduler]]>
				</namespaceclass>
        <daysforzero>2</daysforzero>
        <daysfornormal>90</daysfornormal>        
			</textbox>
			<checkbox>
				<hidden>
					<![CDATA[False]]>
				</hidden>
				<active>
					<![CDATA[True]]>
				</active>
			</checkbox>
			<dropdownlist>
				<providertype selectedtext="Scheduler">
					<![CDATA[05]]>
				</providertype>
			</dropdownlist>
			<checkboxlist />
			<radiobuttonlist />
		</genxml>
